{"player":{"position":"(291.420502, -246.966339)"},"world":{"hours":2,"nb_day":93,"tick":438}}
