{"player":{"position":"(501.687256, 383.441132)"},"world":{"hours":19,"nb_day":79,"tick":2988}}
