{"player":{"position":"(-68.246269, 358.471924)"},"world":{"hours":10,"nb_day":18,"tick":1519}}
