{"player":{"position":"(838.561951, 546.971619)"},"world":{"hours":6,"nb_day":66,"tick":928}}
