{"player":{"position":"(1188.877319, 364.124451)"},"world":{"hours":13,"nb_day":0,"tick":2026}}
