{"player":{"position":"(408.284088, 710.740723)"},"world":{"hours":18,"nb_day":16,"tick":2820}}
