{"player":{"position":"(334.031158, 635.639465)"},"world":{"hours":21,"nb_day":50,"tick":3283}}
