{"player":{"position":"(543.61969, 26.952568)"},"world":{"hours":15,"nb_day":44,"tick":2376}}
