{"player":{"position":"(423.777649, 882.20636)"},"world":{"hours":23,"nb_day":4,"tick":3461}}
