{"player":{"position":"(590.456604, -236.467178)"},"world":{"hours":5,"nb_day":78,"tick":876}}
