{"player":{"position":"(311.83252, 338.787903)"},"world":{"hours":14,"nb_day":9,"tick":2102}}
