{"player":{"position":"(603.827698, 103.669327)"},"world":{"hours":21,"nb_day":31,"tick":3246}}
