{"player":{"position":"(599.916687, 322.842346)"},"world":{"hours":0,"nb_day":70,"tick":89}}
