{"player":{"position":"(680.665833, 205.959229)"},"world":{"hours":12,"nb_day":21,"tick":1886}}
