{"player":{"position":"(544.51532, 252.166931)"},"world":{"hours":16,"nb_day":95,"tick":2426}}
