{"player":{"position":"(754.030396, 406.775452)"},"world":{"hours":7,"nb_day":97,"tick":1066}}
