{"player":{"position":"(21.013683, 254.721985)"},"world":{"hours":9,"nb_day":92,"tick":1463}}
