{"player":{"position":"(433.689789, 338.860046)"},"world":{"hours":3,"nb_day":89,"tick":550}}
