{"player":{"position":"(384.236633, 613.49939)"},"world":{"hours":2,"nb_day":31,"tick":359}}
