{"player":{"position":"(663.790161, -183.133804)"},"world":{"hours":8,"nb_day":78,"tick":1224}}
