{"player":{"position":"(261.784515, 360.337341)"},"world":{"hours":23,"nb_day":20,"tick":3532}}
