{"player":{"position":"(554.21698, 183.695145)"},"world":{"hours":7,"nb_day":56,"tick":1105}}
