{"player":{"position":"(-229.105637, 555.505066)"},"world":{"hours":3,"nb_day":74,"tick":490}}
