{"player":{"position":"(590.456604, -236.467178)"},"world":{"hours":6,"nb_day":78,"tick":1007}}
