{"player":{"position":"(276.261017, 431.884033)"},"world":{"hours":8,"nb_day":23,"tick":1321}}
