{"player":{"position":"(686.068115, 515.839111)"},"world":{"hours":14,"nb_day":27,"tick":2128}}
