{"player":{"position":"(-247.048096, 403.328644)"},"world":{"hours":7,"nb_day":96,"tick":1086}}
