{"player":{"position":"(1062.145874, 521.46051)"},"world":{"hours":1,"nb_day":3,"tick":259}}
