{"player":{"position":"(426.108765, 369.026245)"},"world":{"hours":13,"nb_day":92,"tick":2044}}
