{"player":{"position":"(172.687393, 635.410767)"},"world":{"hours":11,"nb_day":1,"tick":1722}}
