{"player":{"position":"(793.441895, 133.527206)"},"world":{"hours":16,"nb_day":18,"tick":2476}}
