{"player":{"position":"(857.705383, 440.699127)"},"world":{"hours":20,"nb_day":15,"tick":3013}}
