{"player":{"position":"(583.154968, 443.037598)"},"world":{"hours":23,"nb_day":76,"tick":3506}}
