{"player":{"position":"(368.449005, 184.932922)"},"world":{"hours":23,"nb_day":19,"tick":3522}}
