{"player":{"position":"(176.804688, 356.558044)"},"world":{"hours":20,"nb_day":57,"tick":3093}}
